{
  "LOCK": {
    "ALARM_DISARMED_ALL_UNLOCKED": "ALARM_DISARMED_ALL_LOCKED",
    "ALARM_DISARMED_DRIVER_UNLOCKED": "ALARM_DISARMED_ALL_LOCKED",
    "ALARM_DISARMED_ALL_LOCKED": "ALARM_DISARMED_ALL_LOCKED",
    "ALARM_ARMED_ALL_LOCKED": "ALARM_ARMED_ALL_LOCKED"
  },
  "LOCK_X2": {
    "ALARM_DISARMED_ALL_UNLOCKED": "ALARM_ARMED_ALL_LOCKED",
    "ALARM_DISARMED_DRIVER_UNLOCKED": "ALARM_ARMED_ALL_LOCKED",
    "ALARM_DISARMED_ALL_LOCKED": "ALARM_ARMED_ALL_LOCKED",
    "ALARM_ARMED_ALL_LOCKED": "ALARM_ARMED_ALL_LOCKED"
  },
  "UNLOCK": {
    "ALARM_DISARMED_ALL_UNLOCKED": "ALARM_DISARMED_ALL_UNLOCKED",
    "ALARM_DISARMED_DRIVER_UNLOCKED": "ALARM_DISARMED_DRIVER_UNLOCKED",
    "ALARM_DISARMED_ALL_LOCKED": "ALARM_DISARMED_DRIVER_UNLOCKED",
    "ALARM_ARMED_ALL_LOCKED": "ALARM_DISARMED_DRIVER_UNLOCKED"
  },
  "UNLOCK_X2": {
    "ALARM_DISARMED_ALL_UNLOCKED": "ALARM_DISARMED_ALL_UNLOCKED",
    "ALARM_DISARMED_DRIVER_UNLOCKED": "ALARM_DISARMED_DRIVER_UNLOCKED",
    "ALARM_DISARMED_ALL_LOCKED": "ALARM_DISARMED_ALL_UNLOCKED",
    "ALARM_ARMED_ALL_LOCKED": "ALARM_DISARMED_ALL_UNLOCKED"
  }
}
